"province_of_origin","year","Destination_Newfoundland_and_Labrador","Destination_Prince_Edward_Island","Destination_Nova_Scotia","Destination_New_Brunswick","Destination_Quebec","Destination_Ontario","Destination_Manitoba","Destination_Saskatchewan","Destination_Alberta","Destination_British_Columbia","Destination_Yukon","Destination_Northwest_Territories_including_Nunavut_Terminated","Destination_Northwest_Territories","Destination_Nunavut",meta
"Newfoundland and Labrador","1971/1972",0,141,1451,1042,1104,6733,154,78,323,465,15,21,0,0,"How to cite:   Statistics Canada.  Table  17-10-0022-01   Estimates of interprovincial migrants by province or territory of origin and destination, annual"
"Newfoundland and Labrador","1972/1973",0,172,1999,1026,1204,6541,350,118,353,605,91,140,0,0,"DOI: https://doi.org/10.25318/1710002201-eng"
"Newfoundland and Labrador","1973/1974",0,137,1880,859,572,4716,555,218,2488,822,40,205,0,0, "missing data or N/A replaced with 0"
"Newfoundland and Labrador","1974/1975",0,159,1917,803,446,4612,432,160,2280,802,31,194,0,0,
"Newfoundland and Labrador","1975/1976",0,223,2377,1038,1301,8086,939,117,812,850,42,67,0,0,
"Newfoundland and Labrador","1976/1977",0,100,1899,1065,1033,5087,638,111,791,798,104,164,0,0,
"Newfoundland and Labrador","1977/1978",0,183,2031,1271,876,5182,477,99,759,578,43,68,0,0,
"Newfoundland and Labrador","1978/1979",0,135,1878,937,650,5608,696,181,1473,678,33,184,0,0,
"Newfoundland and Labrador","1979/1980",0,184,1739,792,370,4888,597,178,2787,886,73,169,0,0,
"Newfoundland and Labrador","1980/1981",0,107,1635,674,332,4555,575,232,3362,987,72,259,0,0,
"Newfoundland and Labrador","1981/1982",0,146,1708,630,285,4875,443,242,4567,1182,96,282,0,0,
"Newfoundland and Labrador","1982/1983",0,113,1467,624,267,3277,207,124,1547,536,18,184,0,0,
"Newfoundland and Labrador","1983/1984",0,151,1712,593,354,3592,279,127,1089,618,19,245,0,0,
"Newfoundland and Labrador","1984/1985",0,139,2208,484,357,3957,363,94,987,603,10,232,0,0,
"Newfoundland and Labrador","1985/1986",0,133,2021,614,308,5771,283,123,1526,670,25,172,0,0,
"Newfoundland and Labrador","1986/1987",0,112,1884,570,275,7618,320,105,868,486,43,166,0,0,
"Newfoundland and Labrador","1987/1988",0,159,1713,621,303,7933,295,88,810,508,41,131,0,0,
"Newfoundland and Labrador","1988/1989",0,162,1853,612,297,6835,222,86,961,528,48,157,0,0,
"Newfoundland and Labrador","1989/1990",0,156,1940,777,329,7315,287,107,1121,710,55,194,0,0,
"Newfoundland and Labrador","1990/1991",0,169,1881,708,273,5692,281,67,1180,704,75,178,0,0,
"Newfoundland and Labrador","1991/1992",0,233,1905,719,268,4855,203,118,1278,1026,88,0,154,88,
"Newfoundland and Labrador","1992/1993",0,221,1868,671,290,4550,182,120,1261,1173,63,0,160,77,
"Newfoundland and Labrador","1993/1994",0,214,1977,596,323,4859,197,100,1340,1611,41,0,161,113,
"Newfoundland and Labrador","1994/1995",0,217,1879,628,246,5745,273,99,1968,1984,59,0,209,73,
"Newfoundland and Labrador","1995/1996",0,262,1999,737,297,5643,294,121,2743,1894,99,0,252,100,
"Newfoundland and Labrador","1996/1997",0,216,1948,645,290,5263,230,220,4452,1414,84,0,210,124,
"Newfoundland and Labrador","1997/1998",0,243,2012,644,236,5679,266,298,6099,1037,45,0,194,129,
"Newfoundland and Labrador","1998/1999",0,257,1908,651,174,5481,216,174,3869,674,28,0,142,116,
"Newfoundland and Labrador","1999/2000",0,233,1915,663,186,5412,200,137,3102,508,25,0,140,142,
"Newfoundland and Labrador","2000/2001",0,208,1817,713,219,5003,194,145,2836,540,7,0,133,177,
"Newfoundland and Labrador","2001/2002",0,206,1942,691,217,4253,206,177,3499,587,7,0,195,156,
"Newfoundland and Labrador","2002/2003",0,216,1807,568,241,3988,178,131,2831,526,25,0,219,151,
"Newfoundland and Labrador","2003/2004",0,181,1634,570,174,3646,230,142,2949,488,18,0,228,164,
"Newfoundland and Labrador","2004/2005",0,197,1496,519,204,3644,214,116,4626,530,17,0,183,177,
"Newfoundland and Labrador","2005/2006",0,169,1366,529,186,2959,221,154,5985,677,12,0,179,200,
"Newfoundland and Labrador","2006/2007",0,175,1217,511,207,2449,205,180,6554,617,18,0,199,141,
"Newfoundland and Labrador","2007/2008",0,102,1223,454,205,2237,164,120,4861,571,19,0,196,135,
"Newfoundland and Labrador","2008/2009",0,114,1057,406,200,1909,163,107,3790,370,16,0,137,116,
"Newfoundland and Labrador","2009/2010",0,115,1019,446,146,2072,123,101,2754,439,17,0,104,104,
"Newfoundland and Labrador","2010/2011",0,124,979,437,180,1953,126,153,3199,394,14,0,102,94,
"Newfoundland and Labrador","2011/2012",0,123,937,361,198,1970,118,151,3145,464,17,0,82,62,
"Newfoundland and Labrador","2012/2013",0,105,917,389,173,1662,111,150,2674,449,25,0,64,69,
"Newfoundland and Labrador","2013/2014",0,84,994,334,173,1683,119,122,2648,439,16,0,82,66,
"Newfoundland and Labrador","2014/2015",0,72,982,383,186,1895,97,141,2433,512,9,0,67,74,
"Newfoundland and Labrador","2015/2016",0,108,987,373,196,2081,141,108,1738,496,16,0,78,46,
"Newfoundland and Labrador","2016/2017",0,130,1100,393,220,2269,115,134,1828,507,10,0,52,72,
"Newfoundland and Labrador","2017/2018",0,146,1165,483,289,2388,114,112,2474,591,33,0,69,56,
"Newfoundland and Labrador","2018/2019",0,180,1480,562,266,2700,150,222,3040,913,19,0,89,85,
"Prince Edward Island","1971/1972",90,0,864,661,252,1512,87,64,259,150,12,16,0,0,
"Prince Edward Island","1972/1973",155,0,885,405,129,1437,137,27,206,143,8,13,0,0,
"Prince Edward Island","1973/1974",180,0,869,728,205,1349,174,42,342,229,4,4,0,0,
"Prince Edward Island","1974/1975",147,0,942,748,144,1121,176,46,403,234,16,26,0,0,
"Prince Edward Island","1975/1976",119,0,1006,611,180,1053,141,74,430,171,11,16,0,0,
"Prince Edward Island","1976/1977",184,0,894,616,111,938,129,71,531,185,3,21,0,0,
"Prince Edward Island","1977/1978",139,0,799,490,77,816,117,54,503,217,8,13,0,0,
"Prince Edward Island","1978/1979",129,0,1048,582,165,842,104,52,462,247,5,22,0,0,
"Prince Edward Island","1979/1980",116,0,781,492,96,894,70,68,712,272,14,28,0,0,
"Prince Edward Island","1980/1981",121,0,990,528,108,914,107,58,1199,301,11,30,0,0,
"Prince Edward Island","1981/1982",148,0,933,552,73,893,113,75,1172,213,18,41,0,0,
"Prince Edward Island","1982/1983",133,0,620,456,104,728,61,59,441,144,6,15,0,0,
"Prince Edward Island","1983/1984",131,0,589,432,80,721,76,19,247,107,7,13,0,0,
"Prince Edward Island","1984/1985",118,0,686,390,154,804,64,48,233,139,4,14,0,0,
"Prince Edward Island","1985/1986",86,0,759,485,111,843,67,51,324,151,4,25,0,0,
"Prince Edward Island","1986/1987",88,0,775,468,169,955,61,26,197,150,12,24,0,0,
"Prince Edward Island","1987/1988",110,0,650,531,133,997,33,42,209,150,5,8,0,0,
"Prince Edward Island","1988/1989",133,0,835,502,132,927,74,29,204,140,4,29,0,0,
"Prince Edward Island","1989/1990",133,0,948,545,169,1123,58,58,286,231,2,22,0,0,
"Prince Edward Island","1990/1991",153,0,835,476,122,862,53,57,297,245,8,26,0,0,
"Prince Edward Island","1991/1992",135,0,944,385,121,815,58,70,374,250,8,0,12,2,
"Prince Edward Island","1992/1993",61,0,529,422,88,504,36,18,133,179,6,0,14,5,
"Prince Edward Island","1993/1994",93,0,490,332,92,579,22,45,188,221,1,0,3,0,
"Prince Edward Island","1994/1995",80,0,517,353,66,627,36,34,228,207,3,0,12,2,
"Prince Edward Island","1995/1996",151,0,556,359,62,589,21,44,236,205,7,0,3,11,
"Prince Edward Island","1996/1997",196,0,612,369,105,643,43,21,381,175,3,0,7,3,
"Prince Edward Island","1997/1998",110,0,645,468,106,724,47,53,617,202,2,0,8,4,
"Prince Edward Island","1998/1999",101,0,588,387,85,665,24,33,360,119,11,0,11,2,
"Prince Edward Island","1999/2000",146,0,649,427,85,734,23,30,324,120,10,0,3,7,
"Prince Edward Island","2000/2001",96,0,610,331,85,689,51,33,349,133,2,0,8,15,
"Prince Edward Island","2001/2002",154,0,575,413,102,724,31,26,374,159,0,0,13,6,
"Prince Edward Island","2002/2003",153,0,585,419,77,663,33,42,363,134,8,0,30,14,
"Prince Edward Island","2003/2004",107,0,584,386,80,616,41,41,390,161,2,0,13,5,
"Prince Edward Island","2004/2005",118,0,525,466,88,576,28,36,631,187,2,0,11,8,
"Prince Edward Island","2005/2006",145,0,616,455,88,606,21,35,866,232,8,0,21,6,
"Prince Edward Island","2006/2007",115,0,579,448,78,633,32,33,1157,201,5,0,48,5,
"Prince Edward Island","2007/2008",174,0,535,414,97,666,30,36,910,216,4,0,17,13,
"Prince Edward Island","2008/2009",159,0,603,413,76,706,24,36,733,254,20,0,23,11,
"Prince Edward Island","2009/2010",115,0,551,332,89,784,25,35,479,205,4,0,24,6,
"Prince Edward Island","2010/2011",124,0,507,359,94,717,36,47,534,250,7,0,20,9,
"Prince Edward Island","2011/2012",123,0,528,391,102,888,31,79,786,291,10,0,6,3,
"Prince Edward Island","2012/2013",98,0,489,370,114,878,31,68,911,201,10,0,17,8,
"Prince Edward Island","2013/2014",88,0,550,351,88,775,34,58,908,262,4,0,14,7,
"Prince Edward Island","2014/2015",103,0,530,344,100,718,27,51,880,266,7,0,17,6,
"Prince Edward Island","2015/2016",96,0,494,318,85,897,24,46,528,330,8,0,6,12,
"Prince Edward Island","2016/2017",98,0,488,302,96,921,25,43,401,266,15,0,14,11,
"Prince Edward Island","2017/2018",68,0,510,314,109,1242,32,22,399,294,4,0,11,11,
"Prince Edward Island","2018/2019",112,0,563,264,160,1817,48,44,486,292,0,0,0,7,
"Nova Scotia","1971/1972",1641,748,0,3435,2093,10426,596,248,1393,2589,50,78,0,0,
"Nova Scotia","1972/1973",1545,912,0,3751,1554,8675,627,168,1295,1749,37,61,0,0,
"Nova Scotia","1973/1974",1931,997,0,3898,1935,11038,1237,216,1570,2333,29,47,0,0,
"Nova Scotia","1974/1975",1563,1190,0,4389,1663,9179,1027,531,1874,2766,70,108,0,0,
"Nova Scotia","1975/1976",1479,1094,0,3877,1349,7993,713,471,1937,1811,57,92,0,0,
"Nova Scotia","1976/1977",1432,831,0,3352,1326,7638,858,456,3364,2178,54,159,0,0,
"Nova Scotia","1977/1978",1375,922,0,2839,1229,7113,737,376,3225,2482,23,150,0,0,
"Nova Scotia","1978/1979",1365,870,0,3262,1220,6530,600,432,3270,2528,35,150,0,0,
"Nova Scotia","1979/1980",1436,647,0,2893,1158,6485,666,381,4130,2408,32,178,0,0,
"Nova Scotia","1980/1981",1412,741,0,2529,1139,6702,592,412,5330,2478,72,166,0,0,
"Nova Scotia","1981/1982",1351,931,0,2606,1034,6669,665,419,4699,2152,47,262,0,0,
"Nova Scotia","1982/1983",1126,607,0,2384,834,5694,467,328,2240,1508,20,167,0,0,
"Nova Scotia","1983/1984",1072,653,0,2235,940,5644,479,287,1384,1368,26,132,0,0,
"Nova Scotia","1984/1985",1093,677,0,2233,1013,6012,491,248,1514,1248,26,141,0,0,
"Nova Scotia","1985/1986",1078,712,0,2642,1234,7231,568,280,2309,1582,20,150,0,0,
"Nova Scotia","1986/1987",1207,561,0,2526,1076,8002,513,218,1747,1679,18,120,0,0,
"Nova Scotia","1987/1988",1207,742,0,2625,1242,9329,525,313,1461,2147,20,143,0,0,
"Nova Scotia","1988/1989",1284,789,0,2598,1240,8327,467,197,1673,1925,17,155,0,0,
"Nova Scotia","1989/1990",1432,831,0,2944,1516,8485,492,228,1805,2277,52,147,0,0,
"Nova Scotia","1990/1991",1264,638,0,2768,1128,7465,602,199,1797,2416,41,163,0,0,
"Nova Scotia","1991/1992",1410,712,0,2506,1123,6791,505,266,1971,2549,69,0,104,49,
"Nova Scotia","1992/1993",1139,576,0,2533,1161,6578,540,270,1835,2797,40,0,72,70,
"Nova Scotia","1993/1994",1168,638,0,2439,942,6268,485,232,1734,3020,25,0,104,91,
"Nova Scotia","1994/1995",1259,643,0,2512,984,6445,560,280,2175,2965,56,0,85,76,
"Nova Scotia","1995/1996",1139,726,0,2487,970,6580,483,238,2275,2392,65,0,85,68,
"Nova Scotia","1996/1997",1106,673,0,2446,957,6224,447,267,2988,2226,47,0,89,56,
"Nova Scotia","1997/1998",1176,571,0,2321,781,6850,447,364,4143,1982,46,0,114,78,
"Nova Scotia","1998/1999",1043,561,0,2170,700,6018,416,186,2699,1330,35,0,82,88,
"Nova Scotia","1999/2000",1159,680,0,2353,937,6791,392,199,2570,1289,13,0,91,68,
"Nova Scotia","2000/2001",1118,613,0,2438,848,7291,357,322,2745,1402,38,0,120,98,
"Nova Scotia","2001/2002",1197,627,0,2601,815,6707,466,199,2898,1439,37,0,133,110,
"Nova Scotia","2002/2003",1245,545,0,2431,909,6079,394,251,2709,1343,48,0,133,89,
"Nova Scotia","2003/2004",1252,560,0,2384,830,5537,356,231,2894,1564,30,0,116,105,
"Nova Scotia","2004/2005",1189,637,0,2405,776,5915,311,219,4506,1824,52,0,165,82,
"Nova Scotia","2005/2006",1227,580,0,2221,781,5439,342,259,5472,1544,42,0,121,59,
"Nova Scotia","2006/2007",1098,518,0,2226,725,5311,331,305,6636,1587,49,0,170,84,
"Nova Scotia","2007/2008",1145,549,0,2193,781,5461,352,269,5100,1655,54,0,154,71,
"Nova Scotia","2008/2009",1134,444,0,2074,697,4910,339,280,4513,1545,62,0,131,89,
"Nova Scotia","2009/2010",1018,450,0,2032,738,5015,309,309,3110,1318,42,0,157,62,
"Nova Scotia","2010/2011",992,467,0,2044,697,4632,305,257,3549,1376,62,0,151,62,
"Nova Scotia","2011/2012",1117,587,0,2093,716,5074,353,452,4962,1580,54,0,182,106,
"Nova Scotia","2012/2013",1005,431,0,1759,588,4725,297,427,5342,1304,57,0,132,80,
"Nova Scotia","2013/2014",968,427,0,1787,556,4452,238,423,5402,1446,64,0,135,75,
"Nova Scotia","2014/2015",934,441,0,1739,687,4874,296,370,5141,1474,28,0,117,64,
"Nova Scotia","2015/2016",786,450,0,1714,628,5239,329,248,3046,1663,68,0,114,68,
"Nova Scotia","2016/2017",616,433,0,1633,635,4843,269,227,2466,1198,47,0,88,45,
"Nova Scotia","2017/2018",578,429,0,1716,734,4743,204,212,2427,1221,46,0,99,52,
"Nova Scotia","2018/2019",536,606,0,1979,1055,4903,173,246,2724,1273,57,0,209,257,
"New Brunswick","1971/1972",1247,723,3467,0,3465,8184,362,190,918,1200,20,30,0,0,
"New Brunswick","1972/1973",1002,738,3947,0,3415,6637,484,136,836,1357,14,21,0,0,
"New Brunswick","1973/1974",882,922,4187,0,3211,6871,750,211,1039,1453,6,10,0,0,
"New Brunswick","1974/1975",781,685,3592,0,3490,5913,616,326,1255,1319,23,35,0,0,
"New Brunswick","1975/1976",686,588,3653,0,3096,5814,591,290,1299,946,10,18,0,0,
"New Brunswick","1976/1977",595,474,3510,0,2590,5171,607,251,1732,1019,18,80,0,0,
"New Brunswick","1977/1978",638,546,3544,0,2337,5107,526,360,2034,1256,22,113,0,0,
"New Brunswick","1978/1979",628,586,3307,0,2133,4919,600,286,2276,1244,20,101,0,0,
"New Brunswick","1979/1980",650,573,3105,0,2082,4944,479,228,3232,1215,16,92,0,0,
"New Brunswick","1980/1981",662,503,3226,0,2213,4901,439,431,4460,1368,31,111,0,0,
"New Brunswick","1981/1982",588,440,2832,0,1902,4861,409,327,4030,1149,25,136,0,0,
"New Brunswick","1982/1983",450,404,2598,0,1502,3834,373,212,1413,574,6,96,0,0,
"New Brunswick","1983/1984",361,415,2577,0,1644,3554,362,195,873,604,12,61,0,0,
"New Brunswick","1984/1985",395,406,2618,0,2122,3925,326,181,994,582,19,81,0,0,
"New Brunswick","1985/1986",338,447,2862,0,2335,5033,414,207,1173,679,14,97,0,0,
"New Brunswick","1986/1987",402,497,2670,0,2208,5743,439,222,934,668,37,59,0,0,
"New Brunswick","1987/1988",485,424,2905,0,2442,6031,788,164,943,782,21,72,0,0,
"New Brunswick","1988/1989",469,483,2862,0,2505,5792,359,148,1179,855,25,72,0,0,
"New Brunswick","1989/1990",441,507,3225,0,2542,5648,392,144,1211,912,21,103,0,0,
"New Brunswick","1990/1991",451,411,2616,0,2211,4371,431,156,1103,991,10,70,0,0,
"New Brunswick","1991/1992",428,435,2426,0,2182,4544,415,155,1193,1090,29,0,42,29,
"New Brunswick","1992/1993",418,384,2798,0,2202,4184,318,127,1374,1178,7,0,55,28,
"New Brunswick","1993/1994",369,408,2391,0,1893,3599,286,136,1106,1115,10,0,67,16,
"New Brunswick","1994/1995",381,391,2284,0,2007,3674,322,141,1191,1173,18,0,58,26,
"New Brunswick","1995/1996",425,498,2328,0,1978,3870,302,153,1371,1110,30,0,49,25,
"New Brunswick","1996/1997",489,472,2329,0,1772,3869,269,155,1986,1060,17,0,56,19,
"New Brunswick","1997/1998",365,427,2634,0,1859,4403,285,214,2889,908,18,0,53,41,
"New Brunswick","1998/1999",318,395,2365,0,1813,3881,224,168,1839,617,22,0,33,39,
"New Brunswick","1999/2000",440,425,2464,0,1952,4401,272,142,1695,599,5,0,33,41,
"New Brunswick","2000/2001",407,385,2350,0,2088,4114,227,125,1583,676,19,0,59,36,
"New Brunswick","2001/2002",431,436,2393,0,2166,4052,222,146,2271,686,23,0,57,45,
"New Brunswick","2002/2003",498,406,2514,0,2204,3708,221,137,1667,609,11,0,64,37,
"New Brunswick","2003/2004",479,399,2314,0,2090,3355,216,128,1709,635,14,0,82,29,
"New Brunswick","2004/2005",504,428,2487,0,1966,3457,210,108,2578,814,17,0,77,32,
"New Brunswick","2005/2006",426,436,2410,0,1950,3355,189,111,3916,785,19,0,42,34,
"New Brunswick","2006/2007",430,338,2117,0,1685,3203,230,165,4583,789,27,0,42,33,
"New Brunswick","2007/2008",385,385,2186,0,1641,3252,178,122,3560,743,19,0,74,40,
"New Brunswick","2008/2009",437,307,2077,0,1635,2987,174,112,3021,622,22,0,68,43,
"New Brunswick","2009/2010",363,394,1980,0,1558,2827,256,179,2031,633,19,0,40,32,
"New Brunswick","2010/2011",382,354,1972,0,1554,2723,204,167,2201,675,13,0,50,30,
"New Brunswick","2011/2012",433,376,2232,0,1515,3001,271,233,2990,674,24,0,50,51,
"New Brunswick","2012/2013",414,319,1931,0,1284,2944,192,281,3723,637,15,0,44,23,
"New Brunswick","2013/2014",407,313,2048,0,1272,3119,208,334,3962,762,28,0,62,57,
"New Brunswick","2014/2015",325,365,2110,0,1276,3001,206,229,3470,881,14,0,77,20,
"New Brunswick","2015/2016",351,369,2175,0,1456,3385,175,238,2203,872,18,0,51,68,
"New Brunswick","2016/2017",280,351,1973,0,1289,3046,188,215,1586,651,28,0,75,20,
"New Brunswick","2017/2018",267,333,2061,0,1511,3240,196,177,1601,750,16,0,34,42,
"New Brunswick","2018/2019",299,288,2163,0,1725,3602,188,164,1962,897,20,0,18,13,
"Quebec","1971/1972",1284,304,2234,4514,0,40994,1869,427,2735,5116,66,105,0,0,
"Quebec","1972/1973",1062,367,2808,4348,0,36651,1686,392,2948,5432,79,123,0,0,
"Quebec","1973/1974",1186,269,2482,4613,0,34296,1959,539,3147,5013,98,154,0,0,
"Quebec","1974/1975",933,359,2498,4840,0,28314,1377,542,3595,4998,51,79,0,0,
"Quebec","1975/1976",936,279,2536,4979,0,27185,1582,516,3922,3802,71,108,0,0,
"Quebec","1976/1977",672,364,2159,3279,0,35032,1578,702,5626,5533,53,235,0,0,
"Quebec","1977/1978",693,359,2186,3578,0,46453,1589,829,8068,6302,74,243,0,0,
"Quebec","1978/1979",499,212,1847,2906,0,37011,1274,550,6271,5553,73,212,0,0,
"Quebec","1979/1980",512,208,1577,2877,0,32426,1080,579,7397,5064,74,200,0,0,
"Quebec","1980/1981",378,143,1496,2461,0,27036,841,521,8048,4550,62,210,0,0,
"Quebec","1981/1982",496,146,1304,2586,0,27821,985,641,9135,3700,66,259,0,0,
"Quebec","1982/1983",392,201,1566,2849,0,29498,972,703,5777,3289,30,282,0,0,
"Quebec","1983/1984",324,198,1481,2224,0,29737,870,371,2490,2501,40,212,0,0,
"Quebec","1984/1985",242,136,1082,1903,0,24385,771,431,1713,2099,26,215,0,0,
"Quebec","1985/1986",205,161,1100,2140,0,22450,645,352,1725,1961,40,185,0,0,
"Quebec","1986/1987",264,155,1129,1974,0,20682,728,299,1525,2279,35,167,0,0,
"Quebec","1987/1988",307,161,1265,2232,0,24366,668,320,1804,2744,59,142,0,0,
"Quebec","1988/1989",242,177,1271,2486,0,24781,730,338,2020,3125,44,197,0,0,
"Quebec","1989/1990",264,152,1272,2736,0,26216,791,380,2533,4097,70,166,0,0,
"Quebec","1990/1991",249,149,1187,2391,0,24360,767,397,2698,4110,67,170,0,0,
"Quebec","1991/1992",258,184,1310,2330,0,24455,694,346,2701,5142,60,0,78,110,
"Quebec","1992/1993",243,131,1032,2074,0,21783,683,369,2249,5198,55,0,61,92,
"Quebec","1993/1994",313,131,994,1914,0,21035,522,258,1897,5297,51,0,36,87,
"Quebec","1994/1995",305,101,1007,1878,0,20663,605,312,1788,5168,39,0,38,99,
"Quebec","1995/1996",219,141,1002,2014,0,22702,614,301,2675,5271,68,0,53,122,
"Quebec","1996/1997",219,113,1017,2156,0,24388,626,279,3944,4949,61,0,38,83,
"Quebec","1997/1998",224,135,984,1875,0,24885,586,344,4027,4225,49,0,63,74,
"Quebec","1998/1999",216,107,931,1604,0,22691,548,237,2920,3159,43,0,50,65,
"Quebec","1999/2000",233,121,865,1806,0,23510,470,272,2763,2856,51,0,75,113,
"Quebec","2000/2001",182,110,791,1716,0,22235,432,192,2190,2732,54,0,64,85,
"Quebec","2001/2002",222,108,779,1777,0,19774,469,254,2620,2626,36,0,78,95,
"Quebec","2002/2003",222,118,747,1687,0,17783,351,253,2295,2432,47,0,73,93,
"Quebec","2003/2004",185,96,696,1657,0,16254,397,270,2262,2569,44,0,56,63,
"Quebec","2004/2005",174,81,803,1739,0,17658,424,260,3417,2949,72,0,58,61,
"Quebec","2005/2006",211,109,805,1691,0,17123,363,248,5354,3260,63,0,62,86,
"Quebec","2006/2007",163,105,732,1771,0,17817,436,410,7393,3507,63,0,91,74,
"Quebec","2007/2008",179,108,806,1728,0,17160,376,493,7454,3209,102,0,97,72,
"Quebec","2008/2009",190,80,672,1483,0,15613,424,420,5583,2991,94,0,101,75,
"Quebec","2009/2010",165,143,634,1631,0,14938,417,436,3158,2543,59,0,83,99,
"Quebec","2010/2011",147,122,738,1470,0,15268,393,390,3302,2557,75,0,125,60,
"Quebec","2011/2012",202,120,778,1591,0,16481,443,427,4144,2705,68,0,62,73,
"Quebec","2012/2013",213,114,740,1352,0,16019,436,456,5158,2611,65,0,55,91,
"Quebec","2013/2014",223,100,705,1388,0,17488,406,486,6610,3235,65,0,67,75,
"Quebec","2014/2015",187,129,735,1309,0,18828,417,451,6787,3662,66,0,90,92,
"Quebec","2015/2016",186,115,735,1545,0,18985,461,314,4006,3788,64,0,103,75,
"Quebec","2016/2017",187,120,763,1452,0,18084,420,286,2758,3295,90,0,102,101,
"Quebec","2017/2018",202,135,738,1415,0,17255,367,261,2537,3282,78,0,104,96,
"Quebec","2018/2019",178,98,658,1381,0,18401,341,289,2818,3143,97,0,162,87,
"Ontario","1971/1972",6642,1728,10716,7912,24347,0,8188,2875,11786,18476,404,632,0,0,
"Ontario","1972/1973",6823,1648,11192,8569,23694,0,9824,2952,11901,19366,295,462,0,0,
"Ontario","1973/1974",7350,1940,11609,8693,26885,0,9877,3389,15454,24708,225,356,0,0,
"Ontario","1974/1975",7613,2245,12520,10102,24780,0,10791,4153,17914,22327,360,564,0,0,
"Ontario","1975/1976",7127,1564,10723,9453,21127,0,9406,3933,19146,17391,305,474,0,0,
"Ontario","1976/1977",4230,1354,8479,5559,18378,0,7870,4104,22419,19058,295,843,0,0,
"Ontario","1977/1978",3962,1211,6959,5174,14720,0,7065,3766,25536,19629,425,868,0,0,
"Ontario","1978/1979",4001,1058,7225,5050,15527,0,6628,3989,27171,19613,359,829,0,0,
"Ontario","1979/1980",4300,991,6305,4693,13831,0,6670,3926,37019,23024,325,834,0,0,
"Ontario","1980/1981",4329,1058,6698,4359,13983,0,7035,4396,43584,23570,419,906,0,0,
"Ontario","1981/1982",3567,901,6407,4053,12276,0,6476,3608,34070,16449,426,"1,051t",0,0,
"Ontario","1982/1983",4036,945,6082,3981,10918,0,5859,2999,16438,11136,166,740,0,0,
"Ontario","1983/1984",2420,881,5174,3504,12472,0,4748,2521,10223,9831,204,624,0,0,
"Ontario","1984/1985",2169,833,5076,3131,14520,0,4817,2227,9812,9456,131,667,0,0,
"Ontario","1985/1986",2302,751,5151,3302,15332,0,5271,2258,10321,10447,163,537,0,0,
"Ontario","1986/1987",3315,808,5557,3691,15455,0,5179,2151,9339,12315,184,448,0,0,
"Ontario","1987/1988",4670,1057,6675,4520,16288,0,4819,2066,10755,15963,234,504,0,0,
"Ontario","1988/1989",5953,1154,7648,5285,18195,0,5027,2168,12909,20340,228,566,0,0,
"Ontario","1989/1990",6082,1148,8635,5745,20130,0,6051,2395,16825,24611,226,520,0,0,
"Ontario","1990/1991",6564,1006,7636,5325,16972,0,5419,2558,15912,22336,222,600,0,0,
"Ontario","1991/1992",5336,950,7231,4723,16559,0,5156,2479,14190,24470,238,0,368,158,
"Ontario","1992/1993",3894,899,7023,4023,16717,0,5199,2712,12607,26614,256,0,437,193,
"Ontario","1993/1994",3096,877,5746,3475,15826,0,4618,2384,11928,25343,164,0,383,205,
"Ontario","1994/1995",2880,766,5756,3494,15036,0,4702,1958,10952,23530,217,0,318,134,
"Ontario","1995/1996",3222,774,6087,3864,14666,0,4560,2134,12611,23260,214,0,299,190,
"Ontario","1996/1997",2930,762,5755,3545,12986,0,4444,1979,14303,20601,211,0,314,171,
"Ontario","1997/1998",2983,718,5631,3307,12749,0,4608,2067,15679,17606,172,0,311,154,
"Ontario","1998/1999",2899,679,5087,3143,11788,0,3928,1592,12125,14234,165,0,295,180,
"Ontario","1999/2000",3262,660,5428,3332,12561,0,3965,1510,11490,13770,155,0,191,210,
"Ontario","2000/2001",3096,673,5439,3195,13113,0,3811,1456,10358,14147,168,0,258,179,
"Ontario","2001/2002",3935,771,5922,3580,15681,0,4384,1532,13294,14855,183,0,351,241,
"Ontario","2002/2003",3870,815,6253,3440,15495,0,4034,1699,12465,14816,159,0,362,191,
"Ontario","2003/2004",3622,848,5731,3389,15842,0,4175,1606,12525,15659,212,0,366,146,
"Ontario","2004/2005",3687,751,5769,3432,15026,0,3947,1647,18451,17232,195,0,320,207,
"Ontario","2005/2006",3534,742,5969,3158,12868,0,3765,1675,23562,17285,168,0,315,208,
"Ontario","2006/2007",3246,696,5558,3271,12476,0,3696,2147,29402,17537,192,0,412,205,
"Ontario","2007/2008",3271,715,5219,3310,12178,0,3610,2734,27957,16629,259,0,350,236,
"Ontario","2008/2009",3475,682,5162,3169,11947,0,3608,3693,24844,15649,243,0,344,243,
"Ontario","2009/2010",3088,741,5346,3190,12523,0,3797,3536,16784,14473,255,0,423,247,
"Ontario","2010/2011",2693,690,5219,2977,11785,0,3522,3513,17003,14052,195,0,385,290,
"Ontario","2011/2012",2820,737,5450,2947,12149,0,3794,4829,22896,14465,231,0,440,312,
"Ontario","2012/2013",2417,680,4551,2489,10536,0,3418,4159,26453,12970,236,0,368,302,
"Ontario","2013/2014",2272,648,4815,2799,10260,0,3097,3643,28370,15039,294,0,457,285,
"Ontario","2014/2015",2295,683,4788,2734,9909,0,3317,3335,25660,17905,243,0,411,289,
"Ontario","2015/2016",2128,925,4970,2718,10862,0,3548,2770,16163,17666,297,0,448,218,
"Ontario","2016/2017",1791,1236,5504,3094,10884,0,3261,2593,13197,15846,291,0,376,262,
"Ontario","2017/2018",1919,1317,5647,3562,11726,0,3192,2197,13964,15574,297,0,298,281,
"Ontario","2018/2019",2001,1646,6123,3931,13291,0,3213,2347,16555,15443,385,0,208,407,
"Manitoba","1971/1972",302,281,500,636,1893,11247,0,4810,7066,7810,137,215,0,0,
"Manitoba","1972/1973",239,110,826,652,1447,9896,0,5075,7533,8551,234,367,0,0,
"Manitoba","1973/1974",396,171,878,630,1480,8847,0,5337,8471,8514,164,255,0,0,
"Manitoba","1974/1975",418,193,1060,726,1159,8973,0,5999,8789,7938,184,288,0,0,
"Manitoba","1975/1976",391,136,946,566,1045,7810,0,5541,8282,5978,251,392,0,0,
"Manitoba","1976/1977",367,122,564,412,913,6605,0,4653,7813,4495,94,357,0,0,
"Manitoba","1977/1978",283,118,565,396,698,6491,0,3952,7345,5181,79,327,0,0,
"Manitoba","1978/1979",400,88,751,394,776,6660,0,4492,9359,6147,90,363,0,0,
"Manitoba","1979/1980",349,97,629,321,724,6349,0,4300,10932,8516,100,237,0,0,
"Manitoba","1980/1981",347,62,528,349,734,5825,0,4083,9973,7609,95,266,0,0,
"Manitoba","1981/1982",413,83,483,368,704,5749,0,3793,7804,4404,99,326,0,0,
"Manitoba","1982/1983",354,64,451,346,506,5374,0,3270,4202,3058,66,219,0,0,
"Manitoba","1983/1984",169,62,559,306,584,5627,0,3022,3582,3182,43,256,0,0,
"Manitoba","1984/1985",213,71,559,323,695,6132,0,2861,3302,3079,42,300,0,0,
"Manitoba","1985/1986",177,77,533,334,821,7107,0,2739,4051,3489,49,230,0,0,
"Manitoba","1986/1987",265,55,580,424,670,7523,0,2912,3509,4333,54,278,0,0,
"Manitoba","1987/1988",365,83,626,391,773,8508,0,2673,4037,5579,57,349,0,0,
"Manitoba","1988/1989",281,57,641,441,883,8181,0,2885,5445,6187,86,310,0,0,
"Manitoba","1989/1990",249,79,598,454,838,7934,0,3187,6537,7460,124,331,0,0,
"Manitoba","1990/1991",193,48,514,359,741,6665,0,2732,5863,6499,104,263,0,0,
"Manitoba","1991/1992",171,34,582,338,763,6068,0,2711,5668,6852,84,0,211,114,
"Manitoba","1992/1993",228,41,653,254,693,5747,0,2473,4784,6230,66,0,130,93,
"Manitoba","1993/1994",159,36,424,341,579,4944,0,2583,4612,5910,51,0,140,88,
"Manitoba","1994/1995",120,25,456,283,581,4980,0,2483,4757,5191,41,0,129,64,
"Manitoba","1995/1996",112,34,475,285,548,5076,0,2480,4826,4543,62,0,106,94,
"Manitoba","1996/1997",162,42,438,229,469,4945,0,2834,5796,4563,57,0,131,90,
"Manitoba","1997/1998",152,35,414,255,458,5072,0,3081,6651,3847,47,0,96,74,
"Manitoba","1998/1999",130,36,378,184,418,4583,0,2380,4826,2959,51,0,89,64,
"Manitoba","1999/2000",164,41,432,255,486,5141,0,2335,5362,3100,40,0,96,79,
"Manitoba","2000/2001",142,40,380,222,479,5180,0,2066,5100,3121,37,0,83,96,
"Manitoba","2001/2002",161,36,460,265,510,5300,0,2383,5832,3067,44,0,159,87,
"Manitoba","2002/2003",200,39,459,236,518,4693,0,2347,4830,3039,49,0,114,58,
"Manitoba","2003/2004",143,49,372,256,415,4205,0,2229,4745,3248,37,0,93,74,
"Manitoba","2004/2005",161,43,385,308,509,4680,0,2223,6920,3960,39,0,100,79,
"Manitoba","2005/2006",184,43,440,234,467,4525,0,2275,7162,3811,43,0,77,64,
"Manitoba","2006/2007",158,44,366,204,429,4070,0,2125,6778,3621,28,0,106,61,
"Manitoba","2007/2008",186,51,392,246,444,4258,0,1956,5427,3227,70,0,86,71,
"Manitoba","2008/2009",221,44,371,243,448,4186,0,1860,4518,2945,49,0,62,80,
"Manitoba","2009/2010",189,47,374,201,439,4371,0,1820,3458,3109,50,0,71,69,
"Manitoba","2010/2011",173,41,399,280,443,4226,0,1905,3997,2980,38,0,62,58,
"Manitoba","2011/2012",142,27,387,205,537,4252,0,2161,4737,3055,52,0,53,47,
"Manitoba","2012/2013",173,29,290,170,407,3748,0,2133,5061,2828,37,0,58,60,
"Manitoba","2013/2014",129,40,377,172,402,4045,0,2142,5402,3427,48,0,63,56,
"Manitoba","2014/2015",158,43,360,184,364,4298,0,1933,5253,3943,46,0,63,55,
"Manitoba","2015/2016",172,32,328,199,403,4638,0,1863,3985,4090,46,0,74,45,
"Manitoba","2016/2017",142,18,350,222,489,5124,0,1542,3567,3856,39,0,67,58,
"Manitoba","2017/2018",139,22,426,206,582,5735,0,1659,4059,3728,47,0,78,45,
"Manitoba","2018/2019",103,73,493,213,799,6811,0,1917,4892,4074,77,0,70,75,
"Saskatchewan","1971/1972",127,36,811,366,569,4741,6050,0,15879,9563,267,417,0,0,
"Saskatchewan","1972/1973",177,71,393,314,474,3723,6500,0,15698,9573,301,467,0,0,
"Saskatchewan","1973/1974",129,44,286,297,364,4475,5672,0,16806,9643,251,392,0,0,
"Saskatchewan","1974/1975",62,63,395,147,425,2968,4661,0,12888,7006,149,236,0,0,
"Saskatchewan","1975/1976",95,58,344,208,375,2763,3679,0,10048,4888,213,332,0,0,
"Saskatchewan","1976/1977",42,54,348,155,414,2650,3254,0,9632,3969,114,244,0,0,
"Saskatchewan","1977/1978",98,65,311,209,377,2864,3337,0,10594,4283,131,325,0,0,
"Saskatchewan","1978/1979",75,72,372,181,529,2735,3056,0,11109,4926,117,234,0,0,
"Saskatchewan","1979/1980",104,28,287,195,316,2613,3001,0,11630,6249,105,258,0,0,
"Saskatchewan","1980/1981",121,52,262,256,362,2810,3256,0,12259,5993,108,253,0,0,
"Saskatchewan","1981/1982",121,70,362,243,339,2842,3277,0,10622,3912,101,242,0,0,
"Saskatchewan","1982/1983",169,86,322,246,336,2902,3134,0,6912,3141,62,191,0,0,
"Saskatchewan","1983/1984",111,63,352,198,362,2912,3252,0,6132,3171,54,161,0,0,
"Saskatchewan","1984/1985",96,54,357,212,459,3286,2786,0,7035,3264,73,191,0,0,
"Saskatchewan","1985/1986",127,74,370,279,498,3857,3276,0,9720,3940,85,204,0,0,
"Saskatchewan","1986/1987",100,67,297,222,457,4193,3065,0,8651,4281,135,211,0,0,
"Saskatchewan","1987/1988",132,71,275,224,507,5205,3653,0,10315,5759,131,368,0,0,
"Saskatchewan","1988/1989",118,66,337,228,370,4868,3384,0,14292,6920,130,381,0,0,
"Saskatchewan","1989/1990",119,43,310,172,395,4204,3474,0,16925,9042,136,431,0,0,
"Saskatchewan","1990/1991",88,32,261,151,314,2818,2867,0,14964,6484,135,379,0,0,
"Saskatchewan","1991/1992",119,30,279,149,343,2480,2803,0,13165,6426,204,0,219,60,
"Saskatchewan","1992/1993",111,41,317,100,371,2358,2576,0,11406,5866,160,0,241,59,
"Saskatchewan","1993/1994",87,47,261,101,336,2151,2556,0,10900,5455,93,0,201,71,
"Saskatchewan","1994/1995",82,50,246,162,282,2289,2598,0,9871,4530,102,0,212,42,
"Saskatchewan","1995/1996",40,28,264,129,313,2236,2386,0,9808,4067,100,0,158,43,
"Saskatchewan","1996/1997",59,20,273,114,267,2124,2101,0,10635,3720,75,0,128,49,
"Saskatchewan","1997/1998",98,35,241,128,268,2153,2286,0,11694,3491,50,0,153,40,
"Saskatchewan","1998/1999",131,32,275,133,259,2275,2289,0,10895,2976,51,0,156,61,
"Saskatchewan","1999/2000",135,61,329,129,259,2678,2450,0,13021,3192,68,0,146,35,
"Saskatchewan","2000/2001",100,37,320,127,273,2408,2347,0,12480,3080,57,0,139,27,
"Saskatchewan","2001/2002",110,37,261,151,278,2207,2470,0,14178,3394,61,0,222,49,
"Saskatchewan","2002/2003",118,34,286,132,299,1918,2455,0,11798,2975,66,0,190,42,
"Saskatchewan","2003/2004",84,25,284,121,300,1759,2260,0,10743,3279,41,0,153,23,
"Saskatchewan","2004/2005",75,20,235,110,255,1934,2121,0,14476,3450,72,0,170,28,
"Saskatchewan","2005/2006",67,28,214,121,185,1577,1946,0,13231,3304,25,0,95,25,
"Saskatchewan","2006/2007",62,22,208,130,195,1672,1734,0,10143,3158,40,0,103,21,
"Saskatchewan","2007/2008",113,28,204,151,270,1781,1857,0,8494,2952,51,0,100,25,
"Saskatchewan","2008/2009",100,20,282,145,259,1800,1646,0,7823,2852,73,0,102,42,
"Saskatchewan","2009/2010",92,48,268,149,255,2082,1731,0,7288,3037,25,0,84,25,
"Saskatchewan","2010/2011",121,44,273,153,289,2226,1688,0,8164,2945,54,0,77,23,
"Saskatchewan","2011/2012",116,45,246,148,311,2381,1731,0,9235,3173,43,0,62,17,
"Saskatchewan","2012/2013",114,60,256,130,220,2380,1477,0,8811,3024,27,0,73,18,
"Saskatchewan","2013/2014",112,45,317,120,230,2614,1576,0,9267,3822,29,0,53,25,
"Saskatchewan","2014/2015",138,54,274,186,256,3163,1705,0,9510,4438,46,0,87,17,
"Saskatchewan","2015/2016",129,37,330,217,347,3942,1594,0,8249,4551,64,0,55,17,
"Saskatchewan","2016/2017",118,52,337,158,357,4353,1625,0,7682,4062,56,0,66,24,
"Saskatchewan","2017/2018",108,61,325,220,418,4430,1378,0,8682,4308,48,0,98,36,
"Saskatchewan","2018/2019",93,47,347,241,712,6027,1583,0,9930,4390,40,0,130,67,
"Alberta","1971/1972",550,225,1254,696,1795,10886,4203,7078,0,27910,991,"1,553t",0,0,
"Alberta","1972/1973",320,219,1565,787,1664,9554,4503,7332,0,29698,931,"1,458t",0,0,
"Alberta","1973/1974",461,188,1434,816,2154,11794,6407,11215,0,33656,798,"1,249t",0,0,
"Alberta","1974/1975",308,240,1546,849,1495,8695,4331,10525,0,25414,983,"1,534t",0,0,
"Alberta","1975/1976",366,215,1317,827,1501,9526,4631,9666,0,21228,766,"1,199t",0,0,
"Alberta","1976/1977",352,274,1129,791,1488,9543,3955,8603,0,18793,432,"1,262t",0,0,
"Alberta","1977/1978",572,370,1799,809,1467,11286,3919,7654,0,21191,503,"1,157t",0,0,
"Alberta","1978/1979",810,342,1728,923,1658,11307,3284,7096,0,24076,481,926,0,0,
"Alberta","1979/1980",1021,275,1659,966,1605,10958,3582,7276,0,30602,437,894,0,0,
"Alberta","1980/1981",1193,298,2155,1296,1984,13054,4355,8020,0,31481,434,863,0,0,
"Alberta","1981/1982",1463,418,2862,1869,2535,16535,5126,8308,0,23053,423,892,0,0,
"Alberta","1982/1983",2622,773,3874,2938,4347,21613,5767,9110,0,18839,241,907,0,0,
"Alberta","1983/1984",1552,584,3712,2071,4546,24418,4885,8929,0,21112,328,975,0,0,
"Alberta","1984/1985",1150,397,2795,1474,3336,23290,4403,7134,0,18286,351,"1,063t",0,0,
"Alberta","1985/1986",1015,311,1941,1114,2586,20473,3771,6545,0,18908,344,854,0,0,
"Alberta","1986/1987",1651,327,2049,1299,2758,27870,4334,7809,0,24246,628,"1,131t",0,0,
"Alberta","1987/1988",1125,324,2082,1251,2422,22800,4019,6336,0,28546,568,"1,286t",0,0,
"Alberta","1988/1989",1002,311,1689,1181,1874,15367,3242,5707,0,27416,555,"1,241t",0,0,
"Alberta","1989/1990",862,252,1774,1167,1844,12948,3168,6424,0,32095,510,"1,230t",0,0,
"Alberta","1990/1991",800,238,1550,884,1533,10132,3186,6944,0,26712,456,"1,087t",0,0,
"Alberta","1991/1992",797,196,1624,866,1695,10268,3366,8180,0,27984,547,0,1059,82,
"Alberta","1992/1993",789,202,1541,875,1783,9881,3357,7787,0,27518,473,0,961,83,
"Alberta","1993/1994",722,175,1325,743,1529,9706,3474,7772,0,26524,353,0,986,84,
"Alberta","1994/1995",699,168,1495,823,1545,9779,3543,7722,0,24461,503,0,976,89,
"Alberta","1995/1996",826,187,1488,929,1261,9272,3216,7910,0,22750,564,0,901,77,
"Alberta","1996/1997",843,162,1356,783,1286,9159,2838,7153,0,19341,330,0,741,59,
"Alberta","1997/1998",1249,203,1627,914,1333,9524,2843,7843,0,16663,262,0,702,55,
"Alberta","1998/1999",2151,293,2101,1347,1576,10769,3352,6995,0,16033,239,0,768,117,
"Alberta","1999/2000",1906,254,2164,1426,1703,12415,3200,6911,0,16915,282,0,790,81,
"Alberta","2000/2001",1593,255,1853,1098,1760,11002,2786,5857,0,16428,260,0,687,93,
"Alberta","2001/2002",1796,236,2262,1368,1929,11193,3055,7056,0,19273,303,0,785,124,
"Alberta","2002/2003",2134,320,2343,1567,1969,10971,3407,7467,0,21322,317,0,829,78,
"Alberta","2003/2004",1816,240,1820,1306,1696,9920,3192,7278,0,21778,309,0,777,84,
"Alberta","2004/2005",1660,226,1782,1067,1634,9425,2686,6326,0,22152,260,0,710,67,
"Alberta","2005/2006",1798,213,1786,1103,1387,8616,2611,6479,0,21138,305,0,540,63,
"Alberta","2006/2007",2415,389,2535,1775,1752,11434,3782,10580,0,26154,340,0,605,86,
"Alberta","2007/2008",3549,573,3590,2407,2111,13485,4094,11221,0,27149,313,0,572,56,
"Alberta","2008/2009",3750,615,3419,2499,2667,13122,3518,8651,0,22956,286,0,521,50,
"Alberta","2009/2010",3195,514,3151,2197,2875,14359,2975,8234,0,22870,286,0,522,51,
"Alberta","2010/2011",2409,440,2711,1756,2253,13202,2779,7230,0,21790,285,0,601,76,
"Alberta","2011/2012",2539,387,2245,1647,2146,12098,2608,7473,0,21268,252,0,460,62,
"Alberta","2012/2013",2290,366,2089,1326,1516,10296,2234,6444,0,18819,183,0,382,59,
"Alberta","2013/2014",2219,371,2312,1555,1625,11581,2181,6538,0,22757,277,0,456,53,
"Alberta","2014/2015",2318,439,2734,1840,2009,14032,2373,6487,0,26901,270,0,469,74,
"Alberta","2015/2016",2216,640,3637,2445,3086,19421,2961,7434,0,29304,289,0,571,82,
"Alberta","2016/2017",1764,487,3129,2120,3009,19046,2725,6046,0,26644,383,0,503,99,
"Alberta","2017/2018",1452,440,2748,1868,2584,16443,2287,5011,0,24654,297,0,502,108,
"Alberta","2018/2019",1489,485,2745,2035,3095,16949,2282,6122,0,24061,277,0,557,139,
"British Columbia","1971/1972",455,118,1414,887,2259,13027,4248,3900,19015,0,784,"1,229t",0,0,
"British Columbia","1972/1973",429,79,1598,806,2416,13928,4928,4670,20673,0,839,"1,315t",0,0,
"British Columbia","1973/1974",527,193,2028,1080,3489,13288,6110,6246,22952,0,689,"1,075t",0,0,
"British Columbia","1974/1975",437,240,2246,1161,2878,14338,5654,6929,29023,0,957,"1,498t",0,0,
"British Columbia","1975/1976",405,114,1815,1020,2834,13600,4896,7213,29479,0,867,"1,359t",0,0,
"British Columbia","1976/1977",310,191,1759,756,2707,12040,3504,4554,25756,0,990,616,0,0,
"British Columbia","1977/1978",294,191,1827,719,2268,12086,2604,3282,20884,0,1113,527,0,0,
"British Columbia","1978/1979",392,175,1553,741,2809,11612,2424,3049,21238,0,975,533,0,0,
"British Columbia","1979/1980",370,149,1434,515,1634,9186,2215,2937,20679,0,957,416,0,0,
"British Columbia","1980/1981",477,123,1556,816,1852,10477,2946,3430,19393,0,1179,402,0,0,
"British Columbia","1981/1982",477,220,1832,876,1985,12477,3804,3994,22064,0,937,612,0,0,
"British Columbia","1982/1983",629,162,1965,1056,1766,12952,3250,3864,18911,0,573,582,0,0,
"British Columbia","1983/1984",405,168,1673,777,1767,11770,2484,3101,13935,0,792,580,0,0,
"British Columbia","1984/1985",347,171,1646,707,2047,14089,2600,2949,15999,0,710,824,0,0,
"British Columbia","1985/1986",359,111,1553,720,2119,15570,2600,2617,21061,0,727,684,0,0,
"British Columbia","1986/1987",446,109,1556,557,2176,17248,2751,2651,15882,0,1080,559,0,0,
"British Columbia","1987/1988",471,107,1519,619,2013,16316,2349,2229,15475,0,1176,488,0,0,
"British Columbia","1988/1989",469,166,1894,703,2043,13116,2230,2163,17447,0,1077,516,0,0,
"British Columbia","1989/1990",368,130,1942,692,2045,11636,2444,2573,18870,0,991,544,0,0,
"British Columbia","1990/1991",383,101,1686,607,1719,10005,2608,2927,16975,0,903,450,0,0,
"British Columbia","1991/1992",428,132,1919,625,1847,9930,2508,3196,17586,0,1068,0,377,75,
"British Columbia","1992/1993",464,121,1782,629,1983,10205,2672,3004,16570,0,796,0,388,50,
"British Columbia","1993/1994",407,139,1469,666,2047,10886,2769,2956,16303,0,658,0,314,64,
"British Columbia","1994/1995",462,148,1500,657,2122,12090,2980,3436,16780,0,928,0,342,47,
"British Columbia","1995/1996",718,215,1893,862,2277,12423,2920,3631,18763,0,839,0,350,43,
"British Columbia","1996/1997",755,202,1941,825,2146,12704,2631,3418,23673,0,850,0,331,76,
"British Columbia","1997/1998",756,181,1910,877,2573,15150,3245,3991,31789,0,689,0,318,74,
"British Columbia","1998/1999",782,197,1708,741,2541,15733,2717,3182,29195,0,581,0,338,69,
"British Columbia","1999/2000",734,164,1842,803,2694,17044,2827,2754,28252,0,539,0,347,75,
"British Columbia","2000/2001",562,189,1552,615,2295,15930,2204,2565,24859,0,456,0,342,55,
"British Columbia","2001/2002",587,155,1543,765,2585,15143,2428,2625,28831,0,550,0,414,89,
"British Columbia","2002/2003",457,163,1513,678,2348,13732,2389,2636,24102,0,579,0,442,76,
"British Columbia","2003/2004",440,146,1373,539,2071,11217,2248,2401,21092,0,564,0,398,52,
"British Columbia","2004/2005",418,131,1320,490,2116,11555,2017,2258,24822,0,551,0,331,57,
"British Columbia","2005/2006",430,117,1273,567,1852,10851,1790,2232,24379,0,465,0,281,59,
"British Columbia","2006/2007",474,162,1430,586,2011,11591,1850,2853,21442,0,485,0,253,40,
"British Columbia","2007/2008",442,258,1577,671,2168,12736,1852,3019,19256,0,465,0,267,42,
"British Columbia","2008/2009",523,176,1571,723,2186,11528,1804,2714,19062,0,480,0,243,56,
"British Columbia","2009/2010",493,227,1563,598,2260,12551,1948,2416,17778,0,530,0,294,83,
"British Columbia","2010/2011",492,180,1515,604,2413,12669,1894,2780,20901,0,617,0,271,97,
"British Columbia","2011/2012",472,175,1334,545,2340,13513,1920,3340,26629,0,639,0,319,78,
"British Columbia","2012/2013",379,173,1181,426,1904,11371,1651,2669,25178,0,436,0,268,62,
"British Columbia","2013/2014",353,136,1073,440,1765,11009,1433,2407,23326,0,453,0,330,81,
"British Columbia","2014/2015",370,117,1102,358,1650,11349,1466,2216,21196,0,458,0,285,80,
"British Columbia","2015/2016",392,146,1230,602,2007,12390,1610,2068,15933,0,515,0,248,74,
"British Columbia","2016/2017",269,259,1449,654,2361,13279,1570,1854,15870,0,470,0,271,70,
"British Columbia","2017/2018",331,277,1621,813,2660,13561,1677,1838,17876,0,420,0,187,50,
"British Columbia","2018/2019",232,451,2263,1211,3145,14804,2264,2325,22176,0,385,0,172,73,
"Yukon","1971/1972",21,5,0,15,93,162,100,63,764,837,0,0,0,0,
"Yukon","1972/1973",28,5,5,12,57,242,156,117,813,936,0,0,0,0,
"Yukon","1973/1974",36,0,37,6,59,248,142,224,972,1086,0,0,0,0,
"Yukon","1974/1975",27,9,33,17,61,227,133,209,994,848,0,0,0,0,
"Yukon","1975/1976",38,14,56,33,70,309,94,192,981,692,0,0,0,0,
"Yukon","1976/1977",35,22,40,15,52,292,91,145,782,1404,0,224,0,0,
"Yukon","1977/1978",26,5,30,24,38,201,48,65,575,1185,0,342,0,0,
"Yukon","1978/1979",33,5,19,18,39,210,53,118,674,1519,0,401,0,0,
"Yukon","1979/1980",29,9,25,27,27,222,73,96,561,1608,0,79,0,0,
"Yukon","1980/1981",30,20,49,8,33,190,69,92,436,1324,0,85,0,0,
"Yukon","1981/1982",17,7,41,10,32,216,69,139,486,1210,0,104,0,0,
"Yukon","1982/1983",95,15,82,74,66,345,104,115,588,1393,0,99,0,0,
"Yukon","1983/1984",40,24,21,30,32,311,82,91,413,975,0,102,0,0,
"Yukon","1984/1985",31,1,58,19,42,164,79,72,343,831,0,99,0,0,
"Yukon","1985/1986",33,10,28,16,35,256,60,129,487,1014,0,91,0,0,
"Yukon","1986/1987",25,2,18,22,41,241,55,90,312,951,0,61,0,0,
"Yukon","1987/1988",16,4,48,31,44,303,80,71,361,1135,0,49,0,0,
"Yukon","1988/1989",23,7,20,41,45,260,76,71,532,1357,0,77,0,0,
"Yukon","1989/1990",26,7,28,22,42,193,46,68,472,1291,0,57,0,0,
"Yukon","1990/1991",29,0,26,16,31,139,42,56,417,1083,0,63,0,0,
"Yukon","1991/1992",45,2,22,11,51,148,40,73,332,1100,0,0,41,5,
"Yukon","1992/1993",47,2,32,24,52,143,77,142,515,1235,0,0,50,19,
"Yukon","1993/1994",61,5,47,22,28,158,77,119,610,1436,0,0,83,6,
"Yukon","1994/1995",6,5,23,6,37,139,34,91,401,950,0,0,101,5,
"Yukon","1995/1996",14,4,25,15,25,163,18,100,402,837,0,0,33,3,
"Yukon","1996/1997",29,8,32,28,36,159,51,85,646,816,0,0,64,5,
"Yukon","1997/1998",83,3,38,35,41,227,55,133,850,973,0,0,80,8,
"Yukon","1998/1999",44,13,32,32,41,226,71,75,700,735,0,0,68,16,
"Yukon","1999/2000",32,7,39,14,27,246,64,76,702,696,0,0,49,6,
"Yukon","2000/2001",24,7,39,23,37,152,48,57,543,703,0,0,77,15,
"Yukon","2001/2002",9,6,45,27,40,145,40,35,485,642,0,0,86,9,
"Yukon","2002/2003",11,5,42,11,42,179,25,51,358,462,0,0,57,7,
"Yukon","2003/2004",12,0,39,18,51,151,25,49,370,562,0,0,53,2,
"Yukon","2004/2005",8,2,42,13,31,84,37,51,437,613,0,0,48,7,
"Yukon","2005/2006",27,8,32,16,35,110,30,56,457,525,0,0,42,2,
"Yukon","2006/2007",16,8,33,14,36,104,19,49,417,488,0,0,66,7,
"Yukon","2007/2008",12,7,41,24,30,118,21,43,345,549,0,0,45,6,
"Yukon","2008/2009",27,7,47,16,34,149,36,60,314,498,0,0,31,1,
"Yukon","2009/2010",12,9,61,22,48,133,27,39,246,452,0,0,30,14,
"Yukon","2010/2011",23,6,47,11,39,160,34,41,270,417,0,0,58,8,
"Yukon","2011/2012",11,10,50,21,49,171,38,41,281,510,0,0,27,2,
"Yukon","2012/2013",14,1,46,24,48,143,23,48,325,550,0,0,56,1,
"Yukon","2013/2014",9,5,42,5,42,149,22,48,399,596,0,0,18,4,
"Yukon","2014/2015",11,6,41,15,48,133,19,38,307,587,0,0,53,3,
"Yukon","2015/2016",3,18,42,25,42,180,23,35,293,554,0,0,32,8,
"Yukon","2016/2017",7,2,51,16,23,120,26,53,212,433,0,0,36,2,
"Yukon","2017/2018",14,4,49,31,34,173,16,44,274,487,0,0,32,3,
"Yukon","2018/2019",30,16,129,48,92,246,9,111,345,612,0,0,57,49,
"Northwest Territories including Nunavut(Terminated)","1971/1972",32,7,0,26,141,256,160,98,"1,193t","1,308t",0,0,0,0,
"Northwest Territories including Nunavut(Terminated)","1972/1973",42,6,7,19,88,382,246,180,"1,273t","1,464t",0,0,0,0,
"Northwest Territories including Nunavut(Terminated)","1973/1974",55,0,58,12,92,392,220,351,"1,518t","1,697t",0,0,0,0,
"Northwest Territories including Nunavut(Terminated)","1974/1975",44,13,51,28,97,360,204,326,"1,549t","1,328t",0,0,0,0,
"Northwest Territories including Nunavut(Terminated)","1975/1976",57,23,85,53,109,482,146,304,"1,538t","1,082t",0,0,0,0,
"Northwest Territories including Nunavut(Terminated)","1976/1977",85,16,89,93,238,670,322,338,"2,204t",887,616,0,0,0,
"Northwest Territories including Nunavut(Terminated)","1977/1978",101,9,155,38,162,692,264,319,"2,018t",823,382,0,0,0,
"Northwest Territories including Nunavut(Terminated)","1978/1979",130,17,138,69,222,687,319,304,"1,947t",851,260,0,0,0,
"Northwest Territories including Nunavut(Terminated)","1979/1980",179,24,141,84,175,591,257,324,"1,631t",812,159,0,0,0,
"Northwest Territories including Nunavut(Terminated)","1980/1981",168,9,142,80,165,626,253,249,"1,339t",854,166,0,0,0,
"Northwest Territories including Nunavut(Terminated)","1981/1982",122,13,135,64,184,681,234,262,"1,397t",559,174,0,0,0,
"Northwest Territories including Nunavut(Terminated)","1982/1983",187,33,139,62,235,668,260,297,912,603,135,0,0,0,
"Northwest Territories including Nunavut(Terminated)","1983/1984",168,20,174,80,250,716,214,238,758,619,161,0,0,0,
"Northwest Territories including Nunavut(Terminated)","1984/1985",135,19,168,95,238,680,282,143,976,533,124,0,0,0,
"Northwest Territories including Nunavut(Terminated)","1985/1986",210,43,167,62,236,806,355,190,"1,334t",779,143,0,0,0,
"Northwest Territories including Nunavut(Terminated)","1986/1987",261,27,211,100,223,968,399,239,"1,140t","1,053t",167,0,0,0,
"Northwest Territories including Nunavut(Terminated)","1987/1988",210,31,208,55,208,978,337,231,"1,366t",928,179,0,0,0,
"Northwest Territories including Nunavut(Terminated)","1988/1989",132,18,159,74,209,758,273,231,"1,395t",852,115,0,0,0,
"Northwest Territories including Nunavut(Terminated)","1989/1990",126,17,132,61,185,705,227,245,"1,282t",903,155,0,0,0,
"Northwest Territories including Nunavut(Terminated)","1990/1991",104,17,127,59,176,414,185,224,"1,299t",837,124,0,0,0,
"Northwest Territories including Nunavut(Terminated)","1991/1992",0,0,0,0,0,0,0,0,0,0,0,0,0,0,
"Northwest Territories including Nunavut(Terminated)","1992/1993",0,0,0,0,0,0,0,0,0,0,0,0,0,0,
"Northwest Territories including Nunavut(Terminated)","1993/1994",0,0,0,0,0,0,0,0,0,0,0,0,0,0,
"Northwest Territories including Nunavut(Terminated)","1994/1995",0,0,0,0,0,0,0,0,0,0,0,0,0,0,
"Northwest Territories including Nunavut(Terminated)","1995/1996",0,0,0,0,0,0,0,0,0,0,0,0,0,0,
"Northwest Territories including Nunavut(Terminated)","1996/1997",0,0,0,0,0,0,0,0,0,0,0,0,0,0,
"Northwest Territories including Nunavut(Terminated)","1997/1998",0,0,0,0,0,0,0,0,0,0,0,0,0,0,
"Northwest Territories including Nunavut(Terminated)","1998/1999",0,0,0,0,0,0,0,0,0,0,0,0,0,0,
"Northwest Territories including Nunavut(Terminated)","1999/2000",0,0,0,0,0,0,0,0,0,0,0,0,0,0,
"Northwest Territories including Nunavut(Terminated)","2000/2001",0,0,0,0,0,0,0,0,0,0,0,0,0,0,
"Northwest Territories including Nunavut(Terminated)","2001/2002",0,0,0,0,0,0,0,0,0,0,0,0,0,0,
"Northwest Territories including Nunavut(Terminated)","2002/2003",0,0,0,0,0,0,0,0,0,0,0,0,0,0,
"Northwest Territories including Nunavut(Terminated)","2003/2004",0,0,0,0,0,0,0,0,0,0,0,0,0,0,
"Northwest Territories including Nunavut(Terminated)","2004/2005",0,0,0,0,0,0,0,0,0,0,0,0,0,0,
"Northwest Territories including Nunavut(Terminated)","2005/2006",0,0,0,0,0,0,0,0,0,0,0,0,0,0,
"Northwest Territories including Nunavut(Terminated)","2006/2007",0,0,0,0,0,0,0,0,0,0,0,0,0,0,
"Northwest Territories including Nunavut(Terminated)","2007/2008",0,0,0,0,0,0,0,0,0,0,0,0,0,0,
"Northwest Territories including Nunavut(Terminated)","2008/2009",0,0,0,0,0,0,0,0,0,0,0,0,0,0,
"Northwest Territories including Nunavut(Terminated)","2009/2010",0,0,0,0,0,0,0,0,0,0,0,0,0,0,
"Northwest Territories including Nunavut(Terminated)","2010/2011",0,0,0,0,0,0,0,0,0,0,0,0,0,0,
"Northwest Territories including Nunavut(Terminated)","2011/2012",0,0,0,0,0,0,0,0,0,0,0,0,0,0,
"Northwest Territories including Nunavut(Terminated)","2012/2013",0,0,0,0,0,0,0,0,0,0,0,0,0,0,
"Northwest Territories including Nunavut(Terminated)","2013/2014",0,0,0,0,0,0,0,0,0,0,0,0,0,0,
"Northwest Territories including Nunavut(Terminated)","2014/2015",0,0,0,0,0,0,0,0,0,0,0,0,0,0,
"Northwest Territories including Nunavut(Terminated)","2015/2016",0,0,0,0,0,0,0,0,0,0,0,0,0,0,
"Northwest Territories including Nunavut(Terminated)","2016/2017",0,0,0,0,0,0,0,0,0,0,0,0,0,0,
"Northwest Territories including Nunavut(Terminated)","2017/2018",0,0,0,0,0,0,0,0,0,0,0,0,0,0,
"Northwest Territories including Nunavut(Terminated)","2018/2019",0,0,0,0,0,0,0,0,0,0,0,0,0,0,
"Northwest Territories","1971/1972",0,0,0,0,0,0,0,0,0,0,0,0,0,0,
"Northwest Territories","1972/1973",0,0,0,0,0,0,0,0,0,0,0,0,0,0,
"Northwest Territories","1973/1974",0,0,0,0,0,0,0,0,0,0,0,0,0,0,
"Northwest Territories","1974/1975",0,0,0,0,0,0,0,0,0,0,0,0,0,0,
"Northwest Territories","1975/1976",0,0,0,0,0,0,0,0,0,0,0,0,0,0,
"Northwest Territories","1976/1977",0,0,0,0,0,0,0,0,0,0,0,0,0,0,
"Northwest Territories","1977/1978",0,0,0,0,0,0,0,0,0,0,0,0,0,0,
"Northwest Territories","1978/1979",0,0,0,0,0,0,0,0,0,0,0,0,0,0,
"Northwest Territories","1979/1980",0,0,0,0,0,0,0,0,0,0,0,0,0,0,
"Northwest Territories","1980/1981",0,0,0,0,0,0,0,0,0,0,0,0,0,0,
"Northwest Territories","1981/1982",0,0,0,0,0,0,0,0,0,0,0,0,0,0,
"Northwest Territories","1982/1983",0,0,0,0,0,0,0,0,0,0,0,0,0,0,
"Northwest Territories","1983/1984",0,0,0,0,0,0,0,0,0,0,0,0,0,0,
"Northwest Territories","1984/1985",0,0,0,0,0,0,0,0,0,0,0,0,0,0,
"Northwest Territories","1985/1986",0,0,0,0,0,0,0,0,0,0,0,0,0,0,
"Northwest Territories","1986/1987",0,0,0,0,0,0,0,0,0,0,0,0,0,0,
"Northwest Territories","1987/1988",0,0,0,0,0,0,0,0,0,0,0,0,0,0,
"Northwest Territories","1988/1989",0,0,0,0,0,0,0,0,0,0,0,0,0,0,
"Northwest Territories","1989/1990",0,0,0,0,0,0,0,0,0,0,0,0,0,0,
"Northwest Territories","1990/1991",0,0,0,0,0,0,0,0,0,0,0,0,0,0,
"Northwest Territories","1991/1992",86,24,86,47,40,277,101,171,1105,718,110,0,0,166,
"Northwest Territories","1992/1993",78,21,61,39,67,288,127,194,1252,666,141,0,0,195,
"Northwest Territories","1993/1994",64,8,66,61,60,279,134,202,1034,537,103,0,0,216,
"Northwest Territories","1994/1995",55,0,81,40,43,306,115,197,1052,543,90,0,0,188,
"Northwest Territories","1995/1996",85,9,79,56,62,313,184,221,1221,545,143,0,0,202,
"Northwest Territories","1996/1997",94,13,90,54,33,270,125,309,1368,486,133,0,0,178,
"Northwest Territories","1997/1998",123,13,99,52,33,338,153,252,1751,529,101,0,0,270,
"Northwest Territories","1998/1999",100,5,102,54,47,300,89,151,1351,397,75,0,0,187,
"Northwest Territories","1999/2000",88,10,93,44,23,304,129,142,1346,362,74,0,0,200,
"Northwest Territories","2000/2001",96,33,86,35,56,303,81,134,990,307,52,0,0,164,
"Northwest Territories","2001/2002",103,10,89,39,53,320,95,124,1196,378,83,0,0,95,
"Northwest Territories","2002/2003",110,12,62,46,58,264,126,132,1064,354,85,0,0,107,
"Northwest Territories","2003/2004",139,17,168,41,74,301,90,137,1037,405,85,0,0,74,
"Northwest Territories","2004/2005",101,11,115,29,37,318,108,139,1406,505,138,0,0,73,
"Northwest Territories","2005/2006",106,9,110,53,59,318,69,178,1299,464,111,0,0,74,
"Northwest Territories","2006/2007",111,10,76,47,34,250,97,166,1032,419,104,0,0,77,
"Northwest Territories","2007/2008",148,29,113,46,76,313,89,138,931,427,92,0,0,102,
"Northwest Territories","2008/2009",132,25,116,83,58,290,90,171,946,341,85,0,0,103,
"Northwest Territories","2009/2010",147,12,134,50,58,336,106,111,812,328,104,0,0,88,
"Northwest Territories","2010/2011",146,16,110,39,75,306,52,98,785,342,105,0,0,95,
"Northwest Territories","2011/2012",88,23,123,58,44,347,49,159,910,341,126,0,0,47,
"Northwest Territories","2012/2013",88,13,90,43,44,256,51,126,889,362,86,0,0,44,
"Northwest Territories","2013/2014",101,6,105,46,55,254,60,150,908,414,93,0,0,85,
"Northwest Territories","2014/2015",76,12,112,45,50,247,61,76,828,367,140,0,0,30,
"Northwest Territories","2015/2016",71,25,96,43,56,283,51,113,765,423,125,0,0,43,
"Northwest Territories","2016/2017",81,17,122,41,64,318,55,101,757,395,112,0,0,25,
"Northwest Territories","2017/2018",39,22,105,41,71,335,57,75,795,354,98,0,0,29,
"Northwest Territories","2018/2019",67,14,151,39,99,433,56,112,716,428,116,0,0,68,
"Nunavut","1971/1972",0,0,0,0,0,0,0,0,0,0,0,0,0,0,
"Nunavut","1972/1973",0,0,0,0,0,0,0,0,0,0,0,0,0,0,
"Nunavut","1973/1974",0,0,0,0,0,0,0,0,0,0,0,0,0,0,
"Nunavut","1974/1975",0,0,0,0,0,0,0,0,0,0,0,0,0,0,
"Nunavut","1975/1976",0,0,0,0,0,0,0,0,0,0,0,0,0,0,
"Nunavut","1976/1977",0,0,0,0,0,0,0,0,0,0,0,0,0,0,
"Nunavut","1977/1978",0,0,0,0,0,0,0,0,0,0,0,0,0,0,
"Nunavut","1978/1979",0,0,0,0,0,0,0,0,0,0,0,0,0,0,
"Nunavut","1979/1980",0,0,0,0,0,0,0,0,0,0,0,0,0,0,
"Nunavut","1980/1981",0,0,0,0,0,0,0,0,0,0,0,0,0,0,
"Nunavut","1981/1982",0,0,0,0,0,0,0,0,0,0,0,0,0,0,
"Nunavut","1982/1983",0,0,0,0,0,0,0,0,0,0,0,0,0,0,
"Nunavut","1983/1984",0,0,0,0,0,0,0,0,0,0,0,0,0,0,
"Nunavut","1984/1985",0,0,0,0,0,0,0,0,0,0,0,0,0,0,
"Nunavut","1985/1986",0,0,0,0,0,0,0,0,0,0,0,0,0,0,
"Nunavut","1986/1987",0,0,0,0,0,0,0,0,0,0,0,0,0,0,
"Nunavut","1987/1988",0,0,0,0,0,0,0,0,0,0,0,0,0,0,
"Nunavut","1988/1989",0,0,0,0,0,0,0,0,0,0,0,0,0,0,
"Nunavut","1989/1990",0,0,0,0,0,0,0,0,0,0,0,0,0,0,
"Nunavut","1990/1991",0,0,0,0,0,0,0,0,0,0,0,0,0,0,
"Nunavut","1991/1992",53,5,33,16,124,182,106,31,84,88,10,0,240,0,
"Nunavut","1992/1993",86,10,71,27,143,164,81,42,83,109,10,0,230,0,
"Nunavut","1993/1994",41,10,69,35,122,161,113,41,111,80,8,0,267,0,
"Nunavut","1994/1995",77,0,55,17,107,165,122,61,84,81,11,0,308,0,
"Nunavut","1995/1996",54,4,67,33,97,192,77,78,106,85,12,0,277,0,
"Nunavut","1996/1997",80,11,87,36,90,230,78,51,161,81,37,0,348,0,
"Nunavut","1997/1998",73,6,69,28,76,211,85,57,118,61,21,0,306,0,
"Nunavut","1998/1999",80,4,54,24,64,199,111,27,153,67,5,0,271,0,
"Nunavut","1999/2000",101,6,52,34,76,227,83,48,94,58,5,0,203,0,
"Nunavut","2000/2001",83,17,76,26,88,209,85,33,96,69,3,0,207,0,
"Nunavut","2001/2002",79,11,60,33,112,265,94,41,137,53,21,0,176,0,
"Nunavut","2002/2003",180,13,75,18,112,258,94,26,145,66,5,0,149,0,
"Nunavut","2003/2004",118,9,72,23,104,225,71,39,106,58,3,0,128,0,
"Nunavut","2004/2005",118,10,81,26,91,246,77,48,148,64,11,0,139,0,
"Nunavut","2005/2006",140,6,42,38,106,269,97,33,151,71,6,0,121,0,
"Nunavut","2006/2007",118,18,63,27,69,257,78,24,119,104,7,0,107,0,
"Nunavut","2007/2008",155,16,104,33,101,251,88,46,142,69,28,0,126,0,
"Nunavut","2008/2009",114,8,90,14,100,258,90,23,91,38,18,0,100,0,
"Nunavut","2009/2010",121,9,91,35,59,273,72,21,60,62,27,0,103,0,
"Nunavut","2010/2011",83,10,83,37,62,235,52,21,70,76,12,0,88,0,
"Nunavut","2011/2012",110,10,100,37,72,283,87,41,122,67,8,0,76,0,
"Nunavut","2012/2013",78,3,50,39,45,256,67,21,77,75,8,0,93,0,
"Nunavut","2013/2014",113,23,64,58,68,246,78,20,105,82,19,0,52,0,
"Nunavut","2014/2015",97,6,86,47,76,336,38,19,75,90,21,0,85,0,
"Nunavut","2015/2016",70,9,83,49,91,349,77,23,69,51,21,0,64,0,
"Nunavut","2016/2017",47,19,73,51,104,314,71,36,72,57,17,0,63,0,
"Nunavut","2017/2018",70,7,114,40,59,373,58,29,59,57,11,0,80,0,
"Nunavut","2018/2019",65,18,209,41,165,588,44,20,134,86,45,0,29,0,
